[
  {
    "id": "00d92b45-dbd1-4499-97b6-d1e91abf471d",
    "data": [
      {
        "text": "tirupati",
        "alias": "geo-city",
        "meta": "@sys.geo-city",
        "userDefined": true
      },
      {
        "text": " branch phone number pl send",
        "userDefined": false
      }
    ],
    "isTemplate": false,
    "count": 0,
    "updated": 1528183442
  },
  {
    "id": "b263edd8-b02f-4f61-b492-c9ef94aea20b",
    "data": [
      {
        "text": "tell me ur executive detail for ",
        "userDefined": false
      },
      {
        "text": "branchcity",
        "alias": "geo-city",
        "meta": "@sys.geo-city",
        "userDefined": true
      },
      {
        "text": " ",
        "userDefined": false
      },
      {
        "text": "branchstate",
        "alias": "geo-state",
        "meta": "@sys.geo-state",
        "userDefined": true
      }
    ],
    "isTemplate": false,
    "count": 0,
    "updated": 1528183442
  },
  {
    "id": "74390043-b606-4832-9e1f-468af7066ada",
    "data": [
      {
        "text": "branch",
        "userDefined": false
      }
    ],
    "isTemplate": false,
    "count": 0,
    "updated": 1528183442
  },
  {
    "id": "c59c8558-afb4-459e-8ddf-80793b7b33a4",
    "data": [
      {
        "text": "location",
        "userDefined": false
      }
    ],
    "isTemplate": false,
    "count": 0,
    "updated": 1528183442
  },
  {
    "id": "0f7d46a4-cfea-4c81-9302-6471e2f3bff6",
    "data": [
      {
        "text": " sriram chitfund branch office near ",
        "userDefined": false
      },
      {
        "text": "name",
        "alias": "any",
        "meta": "@sys.any",
        "userDefined": true
      }
    ],
    "isTemplate": false,
    "count": 0,
    "updated": 1528183442
  },
  {
    "id": "90f99471-853b-4535-a5b9-c9429a7db195",
    "data": [
      {
        "text": "I NEED MOBLE NO OF ",
        "userDefined": false
      },
      {
        "text": "JAUNPUR",
        "alias": "geo-city",
        "meta": "@sys.geo-city",
        "userDefined": true
      },
      {
        "text": " BRANCH MANAGER",
        "userDefined": false
      }
    ],
    "isTemplate": false,
    "count": 1,
    "updated": 1528183442
  },
  {
    "id": "fcfaaed9-f423-4d2c-a9a9-bc7f6d542ad5",
    "data": [
      {
        "text": " i want ",
        "userDefined": false
      },
      {
        "text": "goa",
        "alias": "geo-state",
        "meta": "@sys.geo-state",
        "userDefined": true
      },
      {
        "text": " branch RE CONTACT MOBILE NO URGENTLY REQUIRED",
        "userDefined": false
      }
    ],
    "isTemplate": false,
    "count": 0,
    "updated": 1528183442
  },
  {
    "id": "bd3fcadb-ebac-41f3-be03-5d87fcdf7a08",
    "data": [
      {
        "text": "pls provide your branch address in ",
        "userDefined": false
      },
      {
        "text": "borivali",
        "alias": "geo-city",
        "meta": "@sys.geo-city",
        "userDefined": true
      },
      {
        "text": " ",
        "userDefined": false
      },
      {
        "text": "west mumbai",
        "alias": "geo-state",
        "meta": "@sys.geo-state",
        "userDefined": true
      }
    ],
    "isTemplate": false,
    "count": 0,
    "updated": 1528183442
  },
  {
    "id": "fa8b7749-48ad-488b-9fad-15c4c951ba84",
    "data": [
      {
        "text": "Do you have a branch in ",
        "userDefined": false
      },
      {
        "text": "branchname",
        "alias": "geo-city",
        "meta": "@sys.geo-city",
        "userDefined": true
      }
    ],
    "isTemplate": false,
    "count": 1,
    "updated": 1528183442
  },
  {
    "id": "fd22d99b-19a5-441c-82d0-42972d7eca97",
    "data": [
      {
        "text": " your branch were are in ",
        "userDefined": false
      },
      {
        "text": "branchname",
        "alias": "geo-city",
        "meta": "@sys.geo-city",
        "userDefined": true
      }
    ],
    "isTemplate": false,
    "count": 0,
    "updated": 1528183442
  },
  {
    "id": "61c80e59-602a-457e-8174-543de3893048",
    "data": [
      {
        "text": "I want your office address at ",
        "userDefined": false
      },
      {
        "text": "name",
        "alias": "geo-city",
        "meta": "@sys.geo-city",
        "userDefined": true
      }
    ],
    "isTemplate": false,
    "count": 0,
    "updated": 1528183442
  },
  {
    "id": "b8b3129c-91f3-4e2f-bfcf-8850c9675a0d",
    "data": [
      {
        "text": "nearest branch no",
        "userDefined": false
      }
    ],
    "isTemplate": false,
    "count": 0,
    "updated": 1528183442
  },
  {
    "id": "ed361064-b826-4101-8e7f-5697179e43a8",
    "data": [
      {
        "text": " what is ",
        "userDefined": false
      },
      {
        "text": "kharagpur",
        "alias": "geo-city",
        "meta": "@sys.geo-city",
        "userDefined": true
      },
      {
        "text": " branch address",
        "userDefined": false
      }
    ],
    "isTemplate": false,
    "count": 0,
    "updated": 1528183442
  },
  {
    "id": "09377ed5-8536-4268-9e85-6fa7a08f1b3f",
    "data": [
      {
        "text": "Is that any property is available for rent for bank branch at ",
        "userDefined": false
      },
      {
        "text": "Indore",
        "alias": "any",
        "meta": "@sys.any",
        "userDefined": true
      },
      {
        "text": ".",
        "userDefined": false
      }
    ],
    "isTemplate": false,
    "count": 0,
    "updated": 1528183442
  },
  {
    "id": "c0a8692c-2f9f-402e-a64e-e248fc657420",
    "data": [
      {
        "text": "sir i want no of ",
        "userDefined": false
      },
      {
        "text": "karmala",
        "alias": "geo-city",
        "meta": "@sys.geo-city",
        "userDefined": true
      },
      {
        "text": " branch in ",
        "userDefined": false
      },
      {
        "text": "maharashtra",
        "alias": "geo-state",
        "meta": "@sys.geo-state",
        "userDefined": true
      }
    ],
    "isTemplate": false,
    "count": 0,
    "updated": 1528183442
  },
  {
    "id": "72b1b538-fe4c-4933-9596-043a126417a1",
    "data": [
      {
        "text": "I\u0027m not getting proper response from your branch",
        "userDefined": false
      }
    ],
    "isTemplate": false,
    "count": 0,
    "updated": 1528183442
  },
  {
    "id": "a82056a5-4685-48d9-925e-ead4b77e6283",
    "data": [
      {
        "text": " I WANT CONTACT TO ",
        "userDefined": false
      },
      {
        "text": "JAMNAGAR",
        "alias": "geo-city",
        "meta": "@sys.geo-city",
        "userDefined": true
      },
      {
        "text": " ",
        "userDefined": false
      },
      {
        "text": "GUJARAT",
        "alias": "geo-state",
        "meta": "@sys.geo-state",
        "userDefined": true
      },
      {
        "text": " BRANCH",
        "userDefined": false
      }
    ],
    "isTemplate": false,
    "count": 2,
    "updated": 1528183442
  },
  {
    "id": "c475581f-754c-463b-9156-c3e754eab5d5",
    "data": [
      {
        "text": " i want to know if i can give you a location for your branch",
        "userDefined": false
      }
    ],
    "isTemplate": false,
    "count": 0,
    "updated": 1528183442
  },
  {
    "id": "67258a81-9ccb-45c1-88f1-236b2b9e70cf",
    "data": [
      {
        "text": "branch location",
        "userDefined": false
      }
    ],
    "isTemplate": false,
    "count": 0,
    "updated": 1528183442
  },
  {
    "id": "9e236168-2930-4096-8b97-d666f03f88de",
    "data": [
      {
        "text": "May i know where do you have branches in ",
        "userDefined": false
      },
      {
        "text": "Mumbai",
        "alias": "geo-state",
        "meta": "@sys.geo-state",
        "userDefined": true
      }
    ],
    "isTemplate": false,
    "count": 0,
    "updated": 1528183442
  }
]