[
  {
    "id": "e1aeba62-893f-44a4-a9fc-40543d34e46f",
    "data": [
      {
        "text": "HIe",
        "userDefined": false
      }
    ],
    "isTemplate": false,
    "count": 1
  },
  {
    "id": "71a7cb5b-6672-471a-b6f0-94b62c40500f",
    "data": [
      {
        "text": "hi ",
        "userDefined": false
      },
      {
        "text": "guys",
        "meta": "@sys.ignore",
        "userDefined": false
      }
    ],
    "isTemplate": false,
    "count": 0
  },
  {
    "id": "e1788a03-e72b-4012-a07a-ff80377748fc",
    "data": [
      {
        "text": "hello",
        "userDefined": false
      }
    ],
    "isTemplate": false,
    "count": 0
  },
  {
    "id": "35603a75-2aea-4e6f-9138-0d1706c0380e",
    "data": [
      {
        "text": "Hi",
        "userDefined": false
      }
    ],
    "isTemplate": false,
    "count": 0
  }
]