[
  {
    "id": "deead936-e554-49c3-a672-e137212328c9",
    "data": [
      {
        "text": " Need to my emi details",
        "userDefined": false
      }
    ],
    "isTemplate": false,
    "count": 0,
    "updated": 1527587150
  },
  {
    "id": "f536927f-8280-43ce-bd37-5664885a705b",
    "data": [
      {
        "text": " I want to deposit EMI",
        "userDefined": false
      }
    ],
    "isTemplate": false,
    "count": 1,
    "updated": 1527587150
  },
  {
    "id": "f536675a-a1a1-43ba-807c-351c33411e77",
    "data": [
      {
        "text": "How can I check my emi details",
        "userDefined": false
      }
    ],
    "isTemplate": false,
    "count": 0,
    "updated": 1527587150
  },
  {
    "id": "f90df8c9-038c-4e98-92b2-4118f155bf0a",
    "data": [
      {
        "text": "how to pay amount emi",
        "userDefined": false
      }
    ],
    "isTemplate": false,
    "count": 0,
    "updated": 1527587150
  },
  {
    "id": "52a7b09f-a586-4638-ba5a-67fb2a918c80",
    "data": [
      {
        "text": " I want to pay my emi",
        "userDefined": false
      }
    ],
    "isTemplate": false,
    "count": 0,
    "updated": 1527587150
  },
  {
    "id": "6359c9c6-01e9-48f3-994d-329b81840f55",
    "data": [
      {
        "text": "I need last month emi details",
        "userDefined": false
      }
    ],
    "isTemplate": false,
    "count": 0,
    "updated": 1527587150
  },
  {
    "id": "49126e85-63db-4d2f-b592-ec83d8539e29",
    "data": [
      {
        "text": "emi",
        "userDefined": false
      }
    ],
    "isTemplate": false,
    "count": 0,
    "updated": 1527587150
  },
  {
    "id": "9c31e800-791b-40c8-8a71-4b7b64f337fb",
    "data": [
      {
        "text": "Emi calculation for ",
        "userDefined": false
      },
      {
        "text": "2",
        "alias": "number",
        "meta": "@sys.number",
        "userDefined": true
      },
      {
        "text": " years for ",
        "userDefined": false
      },
      {
        "text": "6",
        "alias": "number",
        "meta": "@sys.number",
        "userDefined": true
      },
      {
        "text": " lakh",
        "userDefined": false
      }
    ],
    "isTemplate": false,
    "count": 0,
    "updated": 1527587150
  },
  {
    "id": "21a45c8b-52c5-4bb8-a55e-758a5be5c504",
    "data": [
      {
        "text": "Regarding EMI",
        "userDefined": false
      }
    ],
    "isTemplate": false,
    "count": 0,
    "updated": 1527587150
  },
  {
    "id": "60d5a103-9715-4972-9583-54ac0c769956",
    "data": [
      {
        "text": "I want to pay balance EMI",
        "userDefined": false
      }
    ],
    "isTemplate": false,
    "count": 0,
    "updated": 1527587150
  },
  {
    "id": "4659fdae-314f-4263-bb63-074348448fa6",
    "data": [
      {
        "text": "I want to pay my ",
        "userDefined": false
      },
      {
        "text": "this month",
        "alias": "date-period",
        "meta": "@sys.date-period",
        "userDefined": false
      },
      {
        "text": " EMI",
        "userDefined": false
      }
    ],
    "isTemplate": false,
    "count": 0,
    "updated": 1527587150
  },
  {
    "id": "4194e380-c28e-4432-95cc-eaf0b66d9789",
    "data": [
      {
        "text": "I want to pay emi through online",
        "userDefined": false
      }
    ],
    "isTemplate": false,
    "count": 0,
    "updated": 1527587150
  },
  {
    "id": "0d8ce260-4f48-474c-918e-8b05842904ef",
    "data": [
      {
        "text": " Can i know the amount to be pay",
        "userDefined": false
      }
    ],
    "isTemplate": false,
    "count": 0,
    "updated": 1527587150
  }
]