[
  {
    "id": "71543169-773d-4948-851a-5926bf2bec9b",
    "data": [
      {
        "text": "is",
        "meta": "@sys.ignore",
        "userDefined": false
      },
      {
        "text": " ",
        "userDefined": false
      },
      {
        "text": "product name",
        "alias": "Products",
        "meta": "@Products",
        "userDefined": true
      },
      {
        "text": " available?",
        "userDefined": false
      }
    ],
    "isTemplate": false,
    "count": 0
  },
  {
    "id": "953a1b33-402b-4089-b0e3-b144485c6424",
    "data": [
      {
        "text": "show me",
        "meta": "@sys.ignore",
        "userDefined": false
      },
      {
        "text": " the availability of ",
        "userDefined": false
      },
      {
        "text": "product name",
        "alias": "Products",
        "meta": "@Products",
        "userDefined": true
      }
    ],
    "isTemplate": false,
    "count": 0
  },
  {
    "id": "28419fa5-9605-4c0f-a141-653f5532b727",
    "data": [
      {
        "text": "do",
        "meta": "@sys.ignore",
        "userDefined": false
      },
      {
        "text": " you still have ",
        "userDefined": false
      },
      {
        "text": "product name in",
        "alias": "Products",
        "meta": "@Products",
        "userDefined": false
      },
      {
        "text": " ",
        "userDefined": false
      },
      {
        "text": "stock",
        "meta": "@sys.ignore",
        "userDefined": false
      },
      {
        "text": "?",
        "userDefined": false
      }
    ],
    "isTemplate": false,
    "count": 0
  },
  {
    "id": "eb739040-e5a8-467b-b7a4-2fa2c2686f93",
    "data": [
      {
        "text": "how",
        "meta": "@sys.ignore",
        "userDefined": false
      },
      {
        "text": " ",
        "userDefined": false
      },
      {
        "text": "many",
        "meta": "@sys.ignore",
        "userDefined": false
      },
      {
        "text": " ",
        "userDefined": false
      },
      {
        "text": "product name do",
        "alias": "Products",
        "meta": "@Products",
        "userDefined": false
      },
      {
        "text": " ",
        "userDefined": false
      },
      {
        "text": "you have in",
        "meta": "@sys.ignore",
        "userDefined": false
      },
      {
        "text": " ",
        "userDefined": false
      },
      {
        "text": "stock",
        "meta": "@sys.ignore",
        "userDefined": false
      },
      {
        "text": "?",
        "userDefined": false
      }
    ],
    "isTemplate": false,
    "count": 0
  }
]