[
  {
    "id": "0dc069e3-893b-41f5-a2a4-56bedd2711e3",
    "data": [
      {
        "text": "explain about ",
        "userDefined": false
      },
      {
        "text": "product name",
        "alias": "Products",
        "meta": "@Products",
        "userDefined": true
      }
    ],
    "isTemplate": false,
    "count": 0
  },
  {
    "id": "8e38d365-a2f1-48bf-8a9e-8dea17afd041",
    "data": [
      {
        "text": "show me",
        "meta": "@sys.ignore",
        "userDefined": false
      },
      {
        "text": " the info of ",
        "userDefined": false
      },
      {
        "text": "product name",
        "alias": "Products",
        "meta": "@Products",
        "userDefined": true
      }
    ],
    "isTemplate": false,
    "count": 0
  },
  {
    "id": "5e8c0b5a-ef30-4db0-a845-821af9b81bc7",
    "data": [
      {
        "text": "what is ",
        "userDefined": false
      },
      {
        "text": "product name",
        "alias": "Products",
        "meta": "@Products",
        "userDefined": true
      }
    ],
    "isTemplate": false,
    "count": 0
  },
  {
    "id": "d8cd5bc0-0eda-4b61-9198-bb839778ae01",
    "data": [
      {
        "text": "Tell me",
        "meta": "@sys.ignore",
        "userDefined": false
      },
      {
        "text": " about ",
        "userDefined": false
      },
      {
        "text": "product name",
        "alias": "Products",
        "meta": "@Products",
        "userDefined": true
      }
    ],
    "isTemplate": false,
    "count": 0
  },
  {
    "id": "5e07867e-e7b7-4340-b8db-7d5faa64b2d0",
    "data": [
      {
        "text": "what do",
        "meta": "@sys.ignore",
        "userDefined": false
      },
      {
        "text": " you know about ",
        "userDefined": false
      },
      {
        "text": "product name",
        "alias": "Products",
        "meta": "@Products",
        "userDefined": true
      }
    ],
    "isTemplate": false,
    "count": 0
  },
  {
    "id": "958283e8-ea13-4d6e-8456-02741fea7cf0",
    "data": [
      {
        "text": "Show me",
        "meta": "@sys.ignore",
        "userDefined": false
      },
      {
        "text": " the description of ",
        "userDefined": false
      },
      {
        "text": "product name",
        "alias": "Products",
        "meta": "@Products",
        "userDefined": true
      }
    ],
    "isTemplate": false,
    "count": 0
  },
  {
    "id": "adb5882d-42f4-429f-8578-dc265e52d480",
    "data": [
      {
        "text": "find me",
        "meta": "@sys.ignore",
        "userDefined": false
      },
      {
        "text": " information about ",
        "userDefined": false
      },
      {
        "text": "product name",
        "alias": "Products",
        "meta": "@Products",
        "userDefined": true
      }
    ],
    "isTemplate": false,
    "count": 0
  }
]