[
  {
    "id": "24c7a61b-2155-499c-aea9-60d564159255",
    "data": [
      {
        "text": "I am",
        "alias": "Contact",
        "meta": "@Contact",
        "userDefined": false
      },
      {
        "text": " ",
        "userDefined": false
      },
      {
        "text": "75 years old",
        "alias": "Contact1",
        "meta": "@Contact",
        "userDefined": false
      },
      {
        "text": ". Am I ",
        "userDefined": false
      },
      {
        "text": "eligible",
        "alias": "grammer",
        "meta": "@grammer",
        "userDefined": false
      },
      {
        "text": " ",
        "userDefined": false
      },
      {
        "text": "for",
        "alias": "stfc",
        "meta": "@stfc",
        "userDefined": false
      },
      {
        "text": " the ",
        "userDefined": false
      },
      {
        "text": "Loan",
        "alias": "stfc1",
        "meta": "@stfc",
        "userDefined": false
      },
      {
        "text": "?",
        "userDefined": false
      }
    ],
    "isTemplate": false,
    "count": 0
  }
]