[
  {
    "id": "da67d615-7e1d-4a65-8cda-6f039f562321",
    "data": [
      {
        "text": "I have just got the ",
        "userDefined": false
      },
      {
        "text": "job 5",
        "alias": "Contact",
        "meta": "@Contact",
        "userDefined": false
      },
      {
        "text": " months back.  Am I ",
        "userDefined": false
      },
      {
        "text": "eligible",
        "alias": "grammer",
        "meta": "@grammer",
        "userDefined": false
      },
      {
        "text": " ",
        "userDefined": false
      },
      {
        "text": "for",
        "alias": "stfc",
        "meta": "@stfc",
        "userDefined": false
      },
      {
        "text": " the ",
        "userDefined": false
      },
      {
        "text": "loan",
        "alias": "stfc1",
        "meta": "@stfc",
        "userDefined": false
      }
    ],
    "isTemplate": false,
    "count": 0
  }
]