[
  {
    "id": "50349acb-d109-4beb-a825-238524b5b8fa",
    "data": [
      {
        "text": "In",
        "alias": "Contact",
        "meta": "@Contact",
        "userDefined": false
      },
      {
        "text": " general, what are the ",
        "userDefined": false
      },
      {
        "text": "other",
        "alias": "stfc",
        "meta": "@stfc",
        "userDefined": false
      },
      {
        "text": " ",
        "userDefined": false
      },
      {
        "text": "charges",
        "alias": "Contact1",
        "meta": "@Contact",
        "userDefined": false
      },
      {
        "text": " collectected during the ",
        "userDefined": false
      },
      {
        "text": "loan",
        "alias": "stfc1",
        "meta": "@stfc",
        "userDefined": false
      },
      {
        "text": " period",
        "userDefined": false
      }
    ],
    "isTemplate": false,
    "count": 1
  }
]