[
  {
    "id": "bfd85d7a-fc6f-4652-be75-8a7456e1e827",
    "data": [
      {
        "text": "What are the products ",
        "userDefined": false
      },
      {
        "text": "for",
        "alias": "stfc",
        "meta": "@stfc",
        "userDefined": false
      },
      {
        "text": " which credit facility is ",
        "userDefined": false
      },
      {
        "text": "given",
        "alias": "Contact",
        "meta": "@Contact",
        "userDefined": false
      },
      {
        "text": "?",
        "userDefined": false
      }
    ],
    "isTemplate": false,
    "count": 0
  },
  {
    "id": "1d78ddab-8e1a-4570-96d9-7adc772932a9",
    "data": [
      {
        "text": "What are the different  types of ",
        "userDefined": false
      },
      {
        "text": "vehicle",
        "alias": "stfc",
        "meta": "@stfc",
        "userDefined": false
      },
      {
        "text": " ",
        "userDefined": false
      },
      {
        "text": "loan",
        "alias": "stfc1",
        "meta": "@stfc",
        "userDefined": false
      },
      {
        "text": " ",
        "userDefined": false
      },
      {
        "text": "given",
        "alias": "Contact",
        "meta": "@Contact",
        "userDefined": false
      },
      {
        "text": " ?",
        "userDefined": false
      }
    ],
    "isTemplate": false,
    "count": 0
  }
]