[
  {
    "id": "cecc396e-4992-4dbb-94aa-adb9e5c0f370",
    "data": [
      {
        "text": "what are the modes ",
        "userDefined": false
      },
      {
        "text": "through",
        "alias": "grammer",
        "meta": "@grammer",
        "userDefined": false
      },
      {
        "text": " ",
        "userDefined": false
      },
      {
        "text": "which",
        "alias": "grammer1",
        "meta": "@grammer",
        "userDefined": false
      },
      {
        "text": " the ",
        "userDefined": false
      },
      {
        "text": "loan can be",
        "alias": "Contact",
        "meta": "@Contact",
        "userDefined": false
      },
      {
        "text": " ",
        "userDefined": false
      },
      {
        "text": "repaid",
        "alias": "grammer2",
        "meta": "@grammer",
        "userDefined": false
      }
    ],
    "isTemplate": false,
    "count": 0
  },
  {
    "id": "4b2bdc8e-87fd-4086-9fe4-bc99ef625af0",
    "data": [
      {
        "text": "what are the modes ",
        "userDefined": false
      },
      {
        "text": "through",
        "alias": "grammer",
        "meta": "@grammer",
        "userDefined": false
      },
      {
        "text": " ",
        "userDefined": false
      },
      {
        "text": "which",
        "alias": "grammer1",
        "meta": "@grammer",
        "userDefined": false
      },
      {
        "text": " the ",
        "userDefined": false
      },
      {
        "text": "EMI can be",
        "alias": "Contact",
        "meta": "@Contact",
        "userDefined": false
      },
      {
        "text": " ",
        "userDefined": false
      },
      {
        "text": "repaid",
        "alias": "grammer2",
        "meta": "@grammer",
        "userDefined": false
      }
    ],
    "isTemplate": false,
    "count": 0
  }
]