[
  {
    "id": "11544356-8cfb-4d97-a20e-4d42e036c9ce",
    "data": [
      {
        "text": "What is",
        "alias": "Contact",
        "meta": "@Contact",
        "userDefined": false
      },
      {
        "text": " the ",
        "userDefined": false
      },
      {
        "text": "interest",
        "alias": "stfc",
        "meta": "@stfc",
        "userDefined": false
      },
      {
        "text": " ",
        "userDefined": false
      },
      {
        "text": "rate",
        "alias": "stfc1",
        "meta": "@stfc",
        "userDefined": false
      },
      {
        "text": " ",
        "userDefined": false
      },
      {
        "text": "for",
        "alias": "stfc2",
        "meta": "@stfc",
        "userDefined": false
      },
      {
        "text": " old ",
        "userDefined": false
      },
      {
        "text": "vehicle",
        "alias": "stfc3",
        "meta": "@stfc",
        "userDefined": false
      },
      {
        "text": " ",
        "userDefined": false
      },
      {
        "text": "loan",
        "alias": "stfc4",
        "meta": "@stfc",
        "userDefined": false
      },
      {
        "text": "?",
        "userDefined": false
      }
    ],
    "isTemplate": false,
    "count": 0
  }
]