[
  {
    "id": "40301e55-917b-4b85-9068-328818c30fa6",
    "data": [
      {
        "text": "what is",
        "alias": "Contact",
        "meta": "@Contact",
        "userDefined": false
      },
      {
        "text": " the ",
        "userDefined": false
      },
      {
        "text": "loan",
        "alias": "stfc",
        "meta": "@stfc",
        "userDefined": false
      },
      {
        "text": " period?",
        "userDefined": false
      }
    ],
    "isTemplate": false,
    "count": 0
  }
]