[
  {
    "id": "809c63a7-196e-4784-92ee-6cb8d48bc109",
    "data": [
      {
        "text": "Is",
        "alias": "Contact",
        "meta": "@Contact",
        "userDefined": false
      },
      {
        "text": " there ",
        "userDefined": false
      },
      {
        "text": "any",
        "alias": "grammer",
        "meta": "@grammer",
        "userDefined": false
      },
      {
        "text": " prepayment ",
        "userDefined": false
      },
      {
        "text": "charges",
        "alias": "Contact3",
        "meta": "@Contact",
        "userDefined": false
      },
      {
        "text": " ",
        "userDefined": false
      },
      {
        "text": "levied",
        "alias": "Contact4",
        "meta": "@Contact",
        "userDefined": false
      },
      {
        "text": " if I repay the ",
        "userDefined": false
      },
      {
        "text": "loan",
        "alias": "stfc",
        "meta": "@stfc",
        "userDefined": false
      },
      {
        "text": " ",
        "userDefined": false
      },
      {
        "text": "before",
        "alias": "stfc1",
        "meta": "@stfc",
        "userDefined": false
      },
      {
        "text": " the tenure",
        "userDefined": false
      }
    ],
    "isTemplate": false,
    "count": 0
  },
  {
    "id": "a31bc360-9708-4815-9c59-7bb36f96d364",
    "data": [
      {
        "text": "Is",
        "alias": "Contact",
        "meta": "@Contact",
        "userDefined": false
      },
      {
        "text": " there ",
        "userDefined": false
      },
      {
        "text": "any",
        "alias": "grammer",
        "meta": "@grammer",
        "userDefined": false
      },
      {
        "text": " ",
        "userDefined": false
      },
      {
        "text": "charges",
        "alias": "Contact1",
        "meta": "@Contact",
        "userDefined": false
      },
      {
        "text": " collected, If ",
        "userDefined": false
      },
      {
        "text": "I want to",
        "alias": "Contact2",
        "meta": "@Contact",
        "userDefined": false
      },
      {
        "text": " prepay and ",
        "userDefined": false
      },
      {
        "text": "close the",
        "alias": "Contact3",
        "meta": "@Contact",
        "userDefined": false
      },
      {
        "text": " ",
        "userDefined": false
      },
      {
        "text": "loan",
        "alias": "stfc",
        "meta": "@stfc",
        "userDefined": false
      },
      {
        "text": " ",
        "userDefined": false
      },
      {
        "text": "after availed it",
        "alias": "Contact4",
        "meta": "@Contact",
        "userDefined": false
      }
    ],
    "isTemplate": false,
    "count": 0
  }
]