[
  {
    "id": "88900311-dbf7-4f28-83fb-213993f700fd",
    "data": [
      {
        "text": "I am running a",
        "alias": "Contact",
        "meta": "@Contact",
        "userDefined": false
      },
      {
        "text": " godown. ",
        "userDefined": false
      },
      {
        "text": "Can",
        "alias": "Contact2",
        "meta": "@Contact",
        "userDefined": false
      },
      {
        "text": " ",
        "userDefined": false
      },
      {
        "text": "I get it",
        "alias": "Contact1",
        "meta": "@Contact",
        "userDefined": false
      }
    ],
    "isTemplate": false,
    "count": 0
  },
  {
    "id": "64137a21-4dca-4b6f-84b8-d27d1cebcfd2",
    "data": [
      {
        "text": "I am",
        "alias": "Contact",
        "meta": "@Contact",
        "userDefined": false
      },
      {
        "text": " self ",
        "userDefined": false
      },
      {
        "text": "employeed. Is it",
        "alias": "Contact1",
        "meta": "@Contact",
        "userDefined": false
      },
      {
        "text": " ok to avail the ",
        "userDefined": false
      },
      {
        "text": "loan",
        "alias": "stfc",
        "meta": "@stfc",
        "userDefined": false
      }
    ],
    "isTemplate": false,
    "count": 0
  },
  {
    "id": "48ac833f-05f1-4122-8534-e502eb9c92ff",
    "data": [
      {
        "text": "I am",
        "alias": "Contact",
        "meta": "@Contact",
        "userDefined": false
      },
      {
        "text": " doing small business. Am I ",
        "userDefined": false
      },
      {
        "text": "eligible",
        "alias": "grammer",
        "meta": "@grammer",
        "userDefined": false
      }
    ],
    "isTemplate": false,
    "count": 0
  }
]