[
  {
    "id": "bcc21a90-2df8-422d-a3b6-e0cd965a024b",
    "data": [
      {
        "text": "How",
        "alias": "grammer",
        "meta": "@grammer",
        "userDefined": false
      },
      {
        "text": " ",
        "userDefined": false
      },
      {
        "text": "many",
        "alias": "grammer1",
        "meta": "@grammer",
        "userDefined": false
      },
      {
        "text": " installments ",
        "userDefined": false
      },
      {
        "text": "within",
        "alias": "grammer2",
        "meta": "@grammer",
        "userDefined": false
      },
      {
        "text": " ",
        "userDefined": false
      },
      {
        "text": "which",
        "alias": "grammer3",
        "meta": "@grammer",
        "userDefined": false
      },
      {
        "text": " ",
        "userDefined": false
      },
      {
        "text": "the loan to",
        "alias": "Contact",
        "meta": "@Contact",
        "userDefined": false
      },
      {
        "text": " be ",
        "userDefined": false
      },
      {
        "text": "repaid",
        "alias": "grammer4",
        "meta": "@grammer",
        "userDefined": false
      }
    ],
    "isTemplate": false,
    "count": 0
  }
]