[
  {
    "id": "145d5802-122f-4194-9c48-345f114e1d08",
    "data": [
      {
        "text": "Is",
        "alias": "Contact",
        "meta": "@Contact",
        "userDefined": false
      },
      {
        "text": " there ",
        "userDefined": false
      },
      {
        "text": "any",
        "alias": "grammer",
        "meta": "@grammer",
        "userDefined": false
      },
      {
        "text": " ",
        "userDefined": false
      },
      {
        "text": "charges levied to",
        "alias": "Contact1",
        "meta": "@Contact",
        "userDefined": false
      },
      {
        "text": " avail the ",
        "userDefined": false
      },
      {
        "text": "loan",
        "alias": "stfc",
        "meta": "@stfc",
        "userDefined": false
      },
      {
        "text": "?",
        "userDefined": false
      }
    ],
    "isTemplate": false,
    "count": 0
  }
]