[
  {
    "id": "0cb1c23b-c9a4-4285-a85a-d8dee4976e8a",
    "data": [
      {
        "text": "Is ",
        "userDefined": false
      },
      {
        "text": "there",
        "alias": "Contact",
        "meta": "@Contact",
        "userDefined": false
      },
      {
        "text": " ",
        "userDefined": false
      },
      {
        "text": "any",
        "alias": "grammer",
        "meta": "@grammer",
        "userDefined": false
      },
      {
        "text": " Eligiblity, ",
        "userDefined": false
      },
      {
        "text": "EMI",
        "alias": "stfc",
        "meta": "@stfc",
        "userDefined": false
      },
      {
        "text": " calculator available?",
        "userDefined": false
      }
    ],
    "isTemplate": false,
    "count": 0
  }
]