[
  {
    "id": "43cfd45d-24e7-49a9-ab2e-c8cf1b387495",
    "data": [
      {
        "text": "What is",
        "alias": "Contact",
        "meta": "@Contact",
        "userDefined": false
      },
      {
        "text": " the ",
        "userDefined": false
      },
      {
        "text": "interest",
        "alias": "stfc",
        "meta": "@stfc",
        "userDefined": false
      },
      {
        "text": " ",
        "userDefined": false
      },
      {
        "text": "rate",
        "alias": "stfc1",
        "meta": "@stfc",
        "userDefined": false
      },
      {
        "text": " ",
        "userDefined": false
      },
      {
        "text": "for",
        "alias": "stfc2",
        "meta": "@stfc",
        "userDefined": false
      },
      {
        "text": " new ",
        "userDefined": false
      },
      {
        "text": "vehicle",
        "alias": "stfc3",
        "meta": "@stfc",
        "userDefined": false
      },
      {
        "text": " ",
        "userDefined": false
      },
      {
        "text": "loan",
        "alias": "stfc4",
        "meta": "@stfc",
        "userDefined": false
      },
      {
        "text": "?",
        "userDefined": false
      }
    ],
    "isTemplate": false,
    "count": 0
  }
]