[
  {
    "id": "b93d19ab-43a2-4a41-b739-80a22ad9faab",
    "data": [
      {
        "text": "How",
        "alias": "grammer",
        "meta": "@grammer",
        "userDefined": false
      },
      {
        "text": " ",
        "userDefined": false
      },
      {
        "text": "the Emi to",
        "alias": "Contact",
        "meta": "@Contact",
        "userDefined": false
      },
      {
        "text": " be ",
        "userDefined": false
      },
      {
        "text": "paid",
        "alias": "stfc",
        "meta": "@stfc",
        "userDefined": false
      },
      {
        "text": "?",
        "userDefined": false
      }
    ],
    "isTemplate": false,
    "count": 0
  }
]