[
  {
    "id": "ed06ea4c-c3dd-4284-864b-d2a9f065adbd",
    "data": [
      {
        "text": "Is",
        "alias": "grammer",
        "meta": "@grammer",
        "userDefined": false
      },
      {
        "text": " ",
        "userDefined": false
      },
      {
        "text": "cash payment as",
        "alias": "Contact",
        "meta": "@Contact",
        "userDefined": false
      },
      {
        "text": " EMI accepted?",
        "userDefined": false
      }
    ],
    "isTemplate": false,
    "count": 0
  }
]