[
  {
    "id": "a71dc128-9677-4a1f-92c8-cc65dd6b94a5",
    "data": [
      {
        "text": "what are the key",
        "alias": "Contact",
        "meta": "@Contact",
        "userDefined": false
      },
      {
        "text": " ",
        "userDefined": false
      },
      {
        "text": "businesses done by",
        "alias": "Contact1",
        "meta": "@Contact",
        "userDefined": false
      },
      {
        "text": " stfc",
        "userDefined": false
      }
    ],
    "isTemplate": false,
    "count": 0
  }
]