[
  {
    "id": "c3057706-70eb-49e3-896f-1df825e27a17",
    "data": [
      {
        "text": "what are types of deposits ",
        "userDefined": false
      },
      {
        "text": "accepted",
        "alias": "grammer",
        "meta": "@grammer",
        "userDefined": false
      }
    ],
    "isTemplate": false,
    "count": 0
  },
  {
    "id": "3f56cf47-5b1c-41c6-a225-10fde264263f",
    "data": [
      {
        "text": "investments",
        "userDefined": false
      }
    ],
    "isTemplate": false,
    "count": 0
  },
  {
    "id": "a78ff70c-4bd7-44ea-9d56-08a2e70b7d8a",
    "data": [
      {
        "text": "investment",
        "userDefined": false
      }
    ],
    "isTemplate": false,
    "count": 0
  }
]