[
  {
    "id": "4503530a-bf7f-433d-a4d8-23c013c22276",
    "data": [
      {
        "text": "what",
        "alias": "grammer",
        "meta": "@grammer",
        "userDefined": false
      },
      {
        "text": " type of ",
        "userDefined": false
      },
      {
        "text": "Lending",
        "alias": "stfc",
        "meta": "@stfc",
        "userDefined": false
      }
    ],
    "isTemplate": false,
    "count": 0
  },
  {
    "id": "98832dbd-0f66-4512-b95a-58f38bbfd54b",
    "data": [
      {
        "text": "lending",
        "userDefined": false
      }
    ],
    "isTemplate": false,
    "count": 0
  }
]