[
  {
    "value": "@sys.address:address",
    "synonyms": [
      "@sys.address:address"
    ]
  },
  {
    "value": "@sys.age:age",
    "synonyms": [
      "@sys.age:age"
    ]
  },
  {
    "value": "@sys.color:color",
    "synonyms": [
      "@sys.color:color"
    ]
  },
  {
    "value": "@sys.date-time:date-time",
    "synonyms": [
      "@sys.date-time:date-time"
    ]
  },
  {
    "value": "@sys.geo-country-code:geo-country-code",
    "synonyms": [
      "@sys.geo-country-code:geo-country-code"
    ]
  },
  {
    "value": "@sys.given-name:given-name ",
    "synonyms": [
      "@sys.given-name:given-name "
    ]
  },
  {
    "value": "@sys.language:language",
    "synonyms": [
      "@sys.language:language"
    ]
  },
  {
    "value": "@sys.last-name:last-name",
    "synonyms": [
      "@sys.last-name:last-name"
    ]
  },
  {
    "value": "@sys.number:number",
    "synonyms": [
      "@sys.number:number"
    ]
  },
  {
    "value": "@sys.phone-number:phone-number",
    "synonyms": [
      "@sys.phone-number:phone-number"
    ]
  },
  {
    "value": "@sys.time:time",
    "synonyms": [
      "@sys.time:time"
    ]
  },
  {
    "value": "@sys.unit-weight:unit-weight",
    "synonyms": [
      "@sys.unit-weight:unit-weight"
    ]
  },
  {
    "value": "@sys.url:url",
    "synonyms": [
      "@sys.url:url"
    ]
  },
  {
    "value": "@sys.url:url",
    "synonyms": [
      "@sys.url:url"
    ]
  },
  {
    "value": "@sys.zip-code:zip-code",
    "synonyms": [
      "@sys.zip-code:zip-code"
    ]
  }
]