[
  {
    "value": "accept",
    "synonyms": [
      "accept",
      "accepted"
    ]
  },
  {
    "value": "advance",
    "synonyms": [
      "advance",
      "advanced"
    ]
  },
  {
    "value": "any",
    "synonyms": [
      "any"
    ]
  },
  {
    "value": "are",
    "synonyms": [
      "are"
    ]
  },
  {
    "value": "avaliable",
    "synonyms": [
      "avaliable"
    ]
  },
  {
    "value": "does",
    "synonyms": [
      "does"
    ]
  },
  {
    "value": "eligible",
    "synonyms": [
      "eligible"
    ]
  },
  {
    "value": "entire",
    "synonyms": [
      "entire",
      "entired"
    ]
  },
  {
    "value": "entire",
    "synonyms": [
      "entire"
    ]
  },
  {
    "value": "how",
    "synonyms": [
      "how"
    ]
  },
  {
    "value": "is",
    "synonyms": [
      "is"
    ]
  },
  {
    "value": "many",
    "synonyms": [
      "many"
    ]
  },
  {
    "value": "new",
    "synonyms": [
      "new"
    ]
  },
  {
    "value": "old",
    "synonyms": [
      "old"
    ]
  },
  {
    "value": "part",
    "synonyms": [
      "part"
    ]
  },
  {
    "value": "repaid",
    "synonyms": [
      "repaid"
    ]
  },
  {
    "value": "through",
    "synonyms": [
      "through"
    ]
  },
  {
    "value": "what",
    "synonyms": [
      "what"
    ]
  },
  {
    "value": "which",
    "synonyms": [
      "which"
    ]
  },
  {
    "value": "who",
    "synonyms": [
      "who"
    ]
  },
  {
    "value": "within",
    "synonyms": [
      "within"
    ]
  }
]