[
  {
    "value": "emi",
    "synonyms": [
      "EMI",
      "emi"
    ]
  },
  {
    "value": "for",
    "synonyms": [
      "for",
      "like",
      "such as"
    ]
  },
  {
    "value": "installement",
    "synonyms": [
      "installement",
      "installements"
    ]
  },
  {
    "value": "interest",
    "synonyms": [
      "interest"
    ]
  },
  {
    "value": "loan",
    "synonyms": [
      "lending",
      "loan",
      "overdraft"
    ]
  },
  {
    "value": "other",
    "synonyms": [
      "extra",
      "more",
      "other"
    ]
  },
  {
    "value": "pay",
    "synonyms": [
      "paid",
      "pay"
    ]
  },
  {
    "value": "pre",
    "synonyms": [
      "before",
      "in front of",
      "pre"
    ]
  },
  {
    "value": "pre-owned",
    "synonyms": [
      "pre-owned"
    ]
  },
  {
    "value": "provided",
    "synonyms": [
      "offer",
      "offered",
      "provide",
      "provided"
    ]
  },
  {
    "value": "rate",
    "synonyms": [
      "rate"
    ]
  },
  {
    "value": "vehicles",
    "synonyms": [
      "automobile",
      "motor vehicle",
      "vehicles"
    ]
  }
]